group,f1,precision,recall,accuracy,n
explicit,0.8634883032277169,1.0,0.7597707139134966,0.7597707139134966,3838
implicit,0.5419734904270986,1.0,0.3717171717171717,0.3717171717171717,990
control,0.0,0.0,0.0,0.48,700
