language,f1,precision,recall,accuracy,n
ar,0.7867711053089643,0.9168356997971603,0.6890243902439024,0.6759259259259259,756
zh,0.8373168851195065,0.9250425894378195,0.7647887323943662,0.7395061728395061,810
de,0.6803571428571429,0.8758620689655172,0.5562043795620438,0.5439490445859873,785
en,0.8144252441773103,0.8644338118022329,0.7698863636363636,0.6927860696517413,804
fr,0.8651026392961877,0.9062980030721967,0.8274894810659187,0.7736777367773677,813
hi,0.5946502057613169,0.8975155279503105,0.44461538461538463,0.4746666666666667,750
es,0.7835880933226066,0.9136960600375235,0.6859154929577465,0.6679012345679012,810
