functionality,f1,precision,recall,accuracy,n
derog_neg_attrib_h,0.8551401869158879,1.0,0.746938775510204,0.746938775510204,980
derog_dehum_h,0.8793596340766152,1.0,0.7846938775510204,0.7846938775510204,980
derog_impl_h,0.5419734904270986,1.0,0.3717171717171717,0.3717171717171717,990
slur_h,0.7844190732034922,1.0,0.6453038674033149,0.6453038674033149,905
profanity_h,0.9212860310421286,1.0,0.8540596094552929,0.8540596094552929,973
profanity_nh,0.0,0.0,0.0,0.48,700
